case_id,track_id,selected_feature,grouped_shap_value
case_001,1eeJma41NW6cYmDvc70Y3J,release_year,13.035062965032227
case_001,1eeJma41NW6cYmDvc70Y3J,acousticness,1.4335223934289254
case_001,1eeJma41NW6cYmDvc70Y3J,decade,0.9944874883149053
case_001,1eeJma41NW6cYmDvc70Y3J,release_month,0.8352927349611184
case_001,1eeJma41NW6cYmDvc70Y3J,release_month_sin,0.4809077620924044
case_001,1eeJma41NW6cYmDvc70Y3J,speechiness_explicit,-0.33676938841511633
case_001,1eeJma41NW6cYmDvc70Y3J,loudness_energy,0.3218886881952084
case_001,1eeJma41NW6cYmDvc70Y3J,danceability,-0.3214212435046025
case_001,1eeJma41NW6cYmDvc70Y3J,energy_danceability,0.2772547126744934
case_001,1eeJma41NW6cYmDvc70Y3J,valence,-0.2715889774638151
case_001,1eeJma41NW6cYmDvc70Y3J,key,-0.29803536726127483
case_001,1eeJma41NW6cYmDvc70Y3J,duration_min,-0.20907120859967562
case_001,1eeJma41NW6cYmDvc70Y3J,speechiness,-0.163216133170605
case_001,1eeJma41NW6cYmDvc70Y3J,mode,0.15346326171698887
case_001,1eeJma41NW6cYmDvc70Y3J,tempo_danceability,-0.10550124714113565
case_001,1eeJma41NW6cYmDvc70Y3J,energy,-0.09812302456761228
case_001,1eeJma41NW6cYmDvc70Y3J,instrumentalness,-0.09632803457798877
case_001,1eeJma41NW6cYmDvc70Y3J,liveness,0.09184805626823912
case_001,1eeJma41NW6cYmDvc70Y3J,time_signature,0.08112205368169248
case_001,1eeJma41NW6cYmDvc70Y3J,energy_liveness,-0.07300238167260793
case_001,1eeJma41NW6cYmDvc70Y3J,acousticness_instrumentalness,0.06404509623394966
case_001,1eeJma41NW6cYmDvc70Y3J,loudness,0.06009208226543302
case_001,1eeJma41NW6cYmDvc70Y3J,release_precision,0.10649105464996778
case_001,1eeJma41NW6cYmDvc70Y3J,release_month_cos,-0.055301478615384515
case_001,1eeJma41NW6cYmDvc70Y3J,tempo,0.04280200561395407
case_001,1eeJma41NW6cYmDvc70Y3J,explicit,-0.03484021065777602
case_001,1eeJma41NW6cYmDvc70Y3J,energy_valence,0.022218812360333955
case_001,1eeJma41NW6cYmDvc70Y3J,year_in_decade,0.020715286973179585
case_001,1eeJma41NW6cYmDvc70Y3J,danceability_valence,-0.019211177090153696
case_001,1eeJma41NW6cYmDvc70Y3J,duration_log,0.0176739822494199
case_001,1eeJma41NW6cYmDvc70Y3J,duration_squared,0.0063510034222325155
case_002,6kn5loToxIwLHzk5A1fUob,release_year,10.875825881958008
case_002,6kn5loToxIwLHzk5A1fUob,decade,0.8277589678764343
case_002,6kn5loToxIwLHzk5A1fUob,duration_min,0.48284438252449036
case_002,6kn5loToxIwLHzk5A1fUob,mode,0.5099692828953266
case_002,6kn5loToxIwLHzk5A1fUob,speechiness,0.4207369387149811
case_002,6kn5loToxIwLHzk5A1fUob,loudness_energy,0.3108167350292206
case_002,6kn5loToxIwLHzk5A1fUob,tempo,-0.2563823163509369
case_002,6kn5loToxIwLHzk5A1fUob,release_month_sin,0.19398634135723114
case_002,6kn5loToxIwLHzk5A1fUob,speechiness_explicit,-0.17337635159492493
case_002,6kn5loToxIwLHzk5A1fUob,loudness,0.15368880331516266
case_002,6kn5loToxIwLHzk5A1fUob,key,0.09088110271841288
case_002,6kn5loToxIwLHzk5A1fUob,energy_valence,0.14238020777702332
case_002,6kn5loToxIwLHzk5A1fUob,energy,-0.13974879682064056
case_002,6kn5loToxIwLHzk5A1fUob,release_month,0.13339374959468842
case_002,6kn5loToxIwLHzk5A1fUob,energy_liveness,0.1081894114613533
case_002,6kn5loToxIwLHzk5A1fUob,release_month_cos,0.0969381108880043
case_002,6kn5loToxIwLHzk5A1fUob,valence,0.09209998697042465
case_002,6kn5loToxIwLHzk5A1fUob,instrumentalness,0.07001784443855286
case_002,6kn5loToxIwLHzk5A1fUob,acousticness_instrumentalness,0.06807980686426163
case_002,6kn5loToxIwLHzk5A1fUob,duration_log,0.049392543733119965
case_002,6kn5loToxIwLHzk5A1fUob,time_signature,0.06502081365124468
case_002,6kn5loToxIwLHzk5A1fUob,release_precision,0.06161908246576786
case_002,6kn5loToxIwLHzk5A1fUob,danceability_valence,-0.03912801668047905
case_002,6kn5loToxIwLHzk5A1fUob,liveness,0.030524348840117455
case_002,6kn5loToxIwLHzk5A1fUob,energy_danceability,-0.027603810653090477
case_002,6kn5loToxIwLHzk5A1fUob,acousticness,0.02380049228668213
case_002,6kn5loToxIwLHzk5A1fUob,explicit,-0.023443833846613416
case_002,6kn5loToxIwLHzk5A1fUob,tempo_danceability,-0.01201748289167881
case_002,6kn5loToxIwLHzk5A1fUob,year_in_decade,-0.011210921220481396
case_002,6kn5loToxIwLHzk5A1fUob,danceability,-0.0033483081497251987
case_002,6kn5loToxIwLHzk5A1fUob,duration_squared,-0.0015019645215943456
case_003,7Huqz8HsG7j2gk9INLvhRI,release_year,10.83716869354248
case_003,7Huqz8HsG7j2gk9INLvhRI,danceability,2.1787328720092773
case_003,7Huqz8HsG7j2gk9INLvhRI,acousticness,1.7854444980621338
case_003,7Huqz8HsG7j2gk9INLvhRI,loudness,0.9477394223213196
case_003,7Huqz8HsG7j2gk9INLvhRI,decade,0.9461535215377808
case_003,7Huqz8HsG7j2gk9INLvhRI,loudness_energy,0.7235466241836548
case_003,7Huqz8HsG7j2gk9INLvhRI,duration_min,0.5906888842582703
case_003,7Huqz8HsG7j2gk9INLvhRI,release_month_sin,0.43439728021621704
case_003,7Huqz8HsG7j2gk9INLvhRI,release_month,0.325026273727417
case_003,7Huqz8HsG7j2gk9INLvhRI,key,0.35636143619194627
case_003,7Huqz8HsG7j2gk9INLvhRI,speechiness_explicit,-0.27747824788093567
case_003,7Huqz8HsG7j2gk9INLvhRI,energy_valence,0.23361288011074066
case_003,7Huqz8HsG7j2gk9INLvhRI,tempo,0.2108919769525528
case_003,7Huqz8HsG7j2gk9INLvhRI,speechiness,-0.20043431222438812
case_003,7Huqz8HsG7j2gk9INLvhRI,energy_danceability,0.1636032611131668
case_003,7Huqz8HsG7j2gk9INLvhRI,mode,0.1620593830011785
case_003,7Huqz8HsG7j2gk9INLvhRI,liveness,0.15619932115077972
case_003,7Huqz8HsG7j2gk9INLvhRI,danceability_valence,0.11810442805290222
case_003,7Huqz8HsG7j2gk9INLvhRI,tempo_danceability,0.11234436184167862
case_003,7Huqz8HsG7j2gk9INLvhRI,acousticness_instrumentalness,0.09077256172895432
case_003,7Huqz8HsG7j2gk9INLvhRI,time_signature,0.11930587707411178
case_003,7Huqz8HsG7j2gk9INLvhRI,year_in_decade,-0.0739821121096611
case_003,7Huqz8HsG7j2gk9INLvhRI,duration_log,0.05509062111377716
case_003,7Huqz8HsG7j2gk9INLvhRI,instrumentalness,0.053208813071250916
case_003,7Huqz8HsG7j2gk9INLvhRI,energy,-0.04640943557024002
case_003,7Huqz8HsG7j2gk9INLvhRI,release_precision,0.07177022285759449
case_003,7Huqz8HsG7j2gk9INLvhRI,energy_liveness,0.03579380735754967
case_003,7Huqz8HsG7j2gk9INLvhRI,valence,0.023694317787885666
case_003,7Huqz8HsG7j2gk9INLvhRI,explicit,-0.0226488401331153
case_003,7Huqz8HsG7j2gk9INLvhRI,release_month_cos,0.008905217982828617
case_003,7Huqz8HsG7j2gk9INLvhRI,duration_squared,0.00192010507453233
case_004,1VvfQMzVpJ0yLOFgiWNp7O,release_year,8.909052848815918
case_004,1VvfQMzVpJ0yLOFgiWNp7O,speechiness,-1.207153558731079
case_004,1VvfQMzVpJ0yLOFgiWNp7O,acousticness,1.2038803100585938
case_004,1VvfQMzVpJ0yLOFgiWNp7O,loudness_energy,-0.8470428586006165
case_004,1VvfQMzVpJ0yLOFgiWNp7O,duration_min,0.7711163759231567
case_004,1VvfQMzVpJ0yLOFgiWNp7O,energy,0.7350545525550842
case_004,1VvfQMzVpJ0yLOFgiWNp7O,release_month_cos,0.6050322651863098
case_004,1VvfQMzVpJ0yLOFgiWNp7O,liveness,-0.5836531519889832
case_004,1VvfQMzVpJ0yLOFgiWNp7O,decade,0.5776543021202087
case_004,1VvfQMzVpJ0yLOFgiWNp7O,loudness,-0.5744245052337646
case_004,1VvfQMzVpJ0yLOFgiWNp7O,valence,0.5705966353416443
case_004,1VvfQMzVpJ0yLOFgiWNp7O,danceability,-0.3595182001590729
case_004,1VvfQMzVpJ0yLOFgiWNp7O,release_month,0.31806641817092896
case_004,1VvfQMzVpJ0yLOFgiWNp7O,tempo,0.31490135192871094
case_004,1VvfQMzVpJ0yLOFgiWNp7O,energy_danceability,0.2736540734767914
case_004,1VvfQMzVpJ0yLOFgiWNp7O,energy_valence,0.21863171458244324
case_004,1VvfQMzVpJ0yLOFgiWNp7O,mode,0.14364270714577287
case_004,1VvfQMzVpJ0yLOFgiWNp7O,release_month_sin,-0.12058468163013458
case_004,1VvfQMzVpJ0yLOFgiWNp7O,instrumentalness,-0.10272049903869629
case_004,1VvfQMzVpJ0yLOFgiWNp7O,key,-0.1860308286268264
case_004,1VvfQMzVpJ0yLOFgiWNp7O,danceability_valence,0.07484212517738342
case_004,1VvfQMzVpJ0yLOFgiWNp7O,acousticness_instrumentalness,0.0735832080245018
case_004,1VvfQMzVpJ0yLOFgiWNp7O,speechiness_explicit,-0.07213908433914185
case_004,1VvfQMzVpJ0yLOFgiWNp7O,year_in_decade,-0.0672292411327362
case_004,1VvfQMzVpJ0yLOFgiWNp7O,release_precision,0.09783119475468993
case_004,1VvfQMzVpJ0yLOFgiWNp7O,time_signature,0.043203090608585626
case_004,1VvfQMzVpJ0yLOFgiWNp7O,duration_log,0.027538394555449486
case_004,1VvfQMzVpJ0yLOFgiWNp7O,tempo_danceability,-0.021921655163168907
case_004,1VvfQMzVpJ0yLOFgiWNp7O,energy_liveness,0.015403710305690765
case_004,1VvfQMzVpJ0yLOFgiWNp7O,explicit,-0.005653550354736581
case_004,1VvfQMzVpJ0yLOFgiWNp7O,duration_squared,0.0028440544847398996
case_005,4iAZLrr85pfvQWlBeqqrNt,release_year,8.884713172912598
case_005,4iAZLrr85pfvQWlBeqqrNt,release_month,-1.87161386013031
case_005,4iAZLrr85pfvQWlBeqqrNt,acousticness,1.534250259399414
case_005,4iAZLrr85pfvQWlBeqqrNt,danceability,1.3575159311294556
case_005,4iAZLrr85pfvQWlBeqqrNt,decade,0.7542722225189209
case_005,4iAZLrr85pfvQWlBeqqrNt,tempo,-0.7243591547012329
case_005,4iAZLrr85pfvQWlBeqqrNt,year_in_decade,-0.4838995635509491
case_005,4iAZLrr85pfvQWlBeqqrNt,release_month_cos,-0.2857648432254791
case_005,4iAZLrr85pfvQWlBeqqrNt,loudness_energy,-0.27553263306617737
case_005,4iAZLrr85pfvQWlBeqqrNt,energy_danceability,0.25380390882492065
case_005,4iAZLrr85pfvQWlBeqqrNt,liveness,0.25365304946899414
case_005,4iAZLrr85pfvQWlBeqqrNt,mode,-0.24334267526865005
case_005,4iAZLrr85pfvQWlBeqqrNt,release_month_sin,-0.20939001441001892
case_005,4iAZLrr85pfvQWlBeqqrNt,tempo_danceability,0.15086854994297028
case_005,4iAZLrr85pfvQWlBeqqrNt,danceability_valence,0.1391078680753708
case_005,4iAZLrr85pfvQWlBeqqrNt,valence,0.13342900574207306
case_005,4iAZLrr85pfvQWlBeqqrNt,duration_min,0.1316291093826294
case_005,4iAZLrr85pfvQWlBeqqrNt,speechiness_explicit,-0.12984789907932281
case_005,4iAZLrr85pfvQWlBeqqrNt,instrumentalness,-0.07947976887226105
case_005,4iAZLrr85pfvQWlBeqqrNt,key,-0.01534338854253292
case_005,4iAZLrr85pfvQWlBeqqrNt,time_signature,0.09619668845880369
case_005,4iAZLrr85pfvQWlBeqqrNt,energy,-0.050202976912260056
case_005,4iAZLrr85pfvQWlBeqqrNt,release_precision,0.06381996534764767
case_005,4iAZLrr85pfvQWlBeqqrNt,energy_liveness,-0.032320816069841385
case_005,4iAZLrr85pfvQWlBeqqrNt,energy_valence,0.031073197722434998
case_005,4iAZLrr85pfvQWlBeqqrNt,loudness,0.029385529458522797
case_005,4iAZLrr85pfvQWlBeqqrNt,speechiness,0.0177407655864954
case_005,4iAZLrr85pfvQWlBeqqrNt,explicit,-0.012566820690381064
case_005,4iAZLrr85pfvQWlBeqqrNt,acousticness_instrumentalness,-0.012517634779214859
case_005,4iAZLrr85pfvQWlBeqqrNt,duration_log,0.008653239347040653
case_005,4iAZLrr85pfvQWlBeqqrNt,duration_squared,-0.0022769873030483723
case_006,770z0pY7gsBPNPI4jr6oFN,release_year,11.407679557800293
case_006,770z0pY7gsBPNPI4jr6oFN,speechiness_explicit,3.8760392665863037
case_006,770z0pY7gsBPNPI4jr6oFN,release_month,-2.1081156730651855
case_006,770z0pY7gsBPNPI4jr6oFN,acousticness,1.0737806558609009
case_006,770z0pY7gsBPNPI4jr6oFN,danceability,0.8245186805725098
case_006,770z0pY7gsBPNPI4jr6oFN,decade,0.7766124606132507
case_006,770z0pY7gsBPNPI4jr6oFN,tempo,0.6796277761459351
case_006,770z0pY7gsBPNPI4jr6oFN,explicit,0.5207165299216285
case_006,770z0pY7gsBPNPI4jr6oFN,energy_danceability,0.40367627143859863
case_006,770z0pY7gsBPNPI4jr6oFN,duration_min,0.3484567105770111
case_006,770z0pY7gsBPNPI4jr6oFN,loudness_energy,0.3239738941192627
case_006,770z0pY7gsBPNPI4jr6oFN,year_in_decade,-0.30112990736961365
case_006,770z0pY7gsBPNPI4jr6oFN,liveness,-0.27906110882759094
case_006,770z0pY7gsBPNPI4jr6oFN,release_month_sin,-0.2661658823490143
case_006,770z0pY7gsBPNPI4jr6oFN,speechiness,-0.2427525669336319
case_006,770z0pY7gsBPNPI4jr6oFN,key,-0.2841151134343818
case_006,770z0pY7gsBPNPI4jr6oFN,release_precision,0.2852501003071666
case_006,770z0pY7gsBPNPI4jr6oFN,release_month_cos,-0.19657891988754272
case_006,770z0pY7gsBPNPI4jr6oFN,energy_valence,0.1533128172159195
case_006,770z0pY7gsBPNPI4jr6oFN,loudness,0.13169899582862854
case_006,770z0pY7gsBPNPI4jr6oFN,mode,0.14019904751330614
case_006,770z0pY7gsBPNPI4jr6oFN,tempo_danceability,0.08832534402608871
case_006,770z0pY7gsBPNPI4jr6oFN,energy_liveness,-0.04428497701883316
case_006,770z0pY7gsBPNPI4jr6oFN,instrumentalness,-0.04138137772679329
case_006,770z0pY7gsBPNPI4jr6oFN,acousticness_instrumentalness,0.03730439394712448
case_006,770z0pY7gsBPNPI4jr6oFN,valence,0.03457976132631302
case_006,770z0pY7gsBPNPI4jr6oFN,time_signature,0.059553507417149376
case_006,770z0pY7gsBPNPI4jr6oFN,energy,-0.029560165479779243
case_006,770z0pY7gsBPNPI4jr6oFN,danceability_valence,0.027718165889382362
case_006,770z0pY7gsBPNPI4jr6oFN,duration_log,0.012143516913056374
case_006,770z0pY7gsBPNPI4jr6oFN,duration_squared,-0.0005987609038129449
case_007,3Ofmpyhv5UAQ70mENzB277,release_year,10.637310981750488
case_007,3Ofmpyhv5UAQ70mENzB277,duration_min,-4.155341148376465
case_007,3Ofmpyhv5UAQ70mENzB277,decade,0.8657847046852112
case_007,3Ofmpyhv5UAQ70mENzB277,acousticness,0.7855945825576782
case_007,3Ofmpyhv5UAQ70mENzB277,release_month,-0.699350118637085
case_007,3Ofmpyhv5UAQ70mENzB277,danceability,0.6578864455223083
case_007,3Ofmpyhv5UAQ70mENzB277,tempo,-0.6220451593399048
case_007,3Ofmpyhv5UAQ70mENzB277,duration_log,-0.469969242811203
case_007,3Ofmpyhv5UAQ70mENzB277,mode,-0.38104649633169174
case_007,3Ofmpyhv5UAQ70mENzB277,speechiness,-0.33934417366981506
case_007,3Ofmpyhv5UAQ70mENzB277,tempo_danceability,0.27812761068344116
case_007,3Ofmpyhv5UAQ70mENzB277,release_month_sin,-0.25341203808784485
case_007,3Ofmpyhv5UAQ70mENzB277,loudness_energy,-0.1738801896572113
case_007,3Ofmpyhv5UAQ70mENzB277,year_in_decade,0.15107133984565735
case_007,3Ofmpyhv5UAQ70mENzB277,loudness,-0.10967926681041718
case_007,3Ofmpyhv5UAQ70mENzB277,speechiness_explicit,-0.08952721208333969
case_007,3Ofmpyhv5UAQ70mENzB277,energy,0.07874348014593124
case_007,3Ofmpyhv5UAQ70mENzB277,energy_danceability,-0.07240664213895798
case_007,3Ofmpyhv5UAQ70mENzB277,duration_squared,-0.0436922125518322
case_007,3Ofmpyhv5UAQ70mENzB277,key,-0.049121766118332744
case_007,3Ofmpyhv5UAQ70mENzB277,release_month_cos,-0.04119684547185898
case_007,3Ofmpyhv5UAQ70mENzB277,energy_valence,0.04094918817281723
case_007,3Ofmpyhv5UAQ70mENzB277,valence,-0.04013083875179291
case_007,3Ofmpyhv5UAQ70mENzB277,instrumentalness,0.03924011439085007
case_007,3Ofmpyhv5UAQ70mENzB277,release_precision,0.055513322819024324
case_007,3Ofmpyhv5UAQ70mENzB277,energy_liveness,-0.031953223049640656
case_007,3Ofmpyhv5UAQ70mENzB277,time_signature,0.04110668453108701
case_007,3Ofmpyhv5UAQ70mENzB277,danceability_valence,-0.01757553219795227
case_007,3Ofmpyhv5UAQ70mENzB277,explicit,-0.008345978530996945
case_007,3Ofmpyhv5UAQ70mENzB277,liveness,-0.004247107543051243
case_007,3Ofmpyhv5UAQ70mENzB277,acousticness_instrumentalness,-0.0012765470892190933
case_008,3iw6V4LH7yPj1ESORX9RIN,release_year,9.871392250061035
case_008,3iw6V4LH7yPj1ESORX9RIN,duration_min,-5.433697700500488
case_008,3iw6V4LH7yPj1ESORX9RIN,decade,0.8478977084159851
case_008,3iw6V4LH7yPj1ESORX9RIN,loudness,0.7520912885665894
case_008,3iw6V4LH7yPj1ESORX9RIN,release_month,-0.7152913808822632
case_008,3iw6V4LH7yPj1ESORX9RIN,tempo,-0.6326180100440979
case_008,3iw6V4LH7yPj1ESORX9RIN,duration_log,-0.5714912414550781
case_008,3iw6V4LH7yPj1ESORX9RIN,acousticness,0.4533947706222534
case_008,3iw6V4LH7yPj1ESORX9RIN,key,-0.42186702659819275
case_008,3iw6V4LH7yPj1ESORX9RIN,speechiness,-0.3016020357608795
case_008,3iw6V4LH7yPj1ESORX9RIN,release_month_sin,-0.29811763763427734
case_008,3iw6V4LH7yPj1ESORX9RIN,loudness_energy,0.287776917219162
case_008,3iw6V4LH7yPj1ESORX9RIN,energy,0.2865994870662689
case_008,3iw6V4LH7yPj1ESORX9RIN,year_in_decade,-0.2681102454662323
case_008,3iw6V4LH7yPj1ESORX9RIN,mode,-0.2222798652946949
case_008,3iw6V4LH7yPj1ESORX9RIN,instrumentalness,0.19543951749801636
case_008,3iw6V4LH7yPj1ESORX9RIN,danceability,0.14305372536182404
case_008,3iw6V4LH7yPj1ESORX9RIN,danceability_valence,-0.10807624459266663
case_008,3iw6V4LH7yPj1ESORX9RIN,speechiness_explicit,-0.10625030845403671
case_008,3iw6V4LH7yPj1ESORX9RIN,acousticness_instrumentalness,0.08083585649728775
case_008,3iw6V4LH7yPj1ESORX9RIN,valence,-0.06254122406244278
case_008,3iw6V4LH7yPj1ESORX9RIN,release_month_cos,-0.04743742570281029
case_008,3iw6V4LH7yPj1ESORX9RIN,release_precision,0.07165301172062755
case_008,3iw6V4LH7yPj1ESORX9RIN,tempo_danceability,-0.03599796071648598
case_008,3iw6V4LH7yPj1ESORX9RIN,energy_valence,-0.022038133814930916
case_008,3iw6V4LH7yPj1ESORX9RIN,liveness,0.02092067152261734
case_008,3iw6V4LH7yPj1ESORX9RIN,explicit,-0.019712118867573736
case_008,3iw6V4LH7yPj1ESORX9RIN,energy_liveness,-0.016913283616304398
case_008,3iw6V4LH7yPj1ESORX9RIN,duration_squared,-0.010158633813261986
case_008,3iw6V4LH7yPj1ESORX9RIN,time_signature,0.011565053026060923
case_008,3iw6V4LH7yPj1ESORX9RIN,energy_danceability,-0.0020690520759671926
case_009,5s2zbxZI4Ym5LTKwjZHS2V,duration_min,-5.122159481048584
case_009,5s2zbxZI4Ym5LTKwjZHS2V,release_year,3.9576146602630615
case_009,5s2zbxZI4Ym5LTKwjZHS2V,instrumentalness,-1.207147240638733
case_009,5s2zbxZI4Ym5LTKwjZHS2V,tempo,1.1259955167770386
case_009,5s2zbxZI4Ym5LTKwjZHS2V,loudness_energy,-1.0756256580352783
case_009,5s2zbxZI4Ym5LTKwjZHS2V,acousticness,-1.0628981590270996
case_009,5s2zbxZI4Ym5LTKwjZHS2V,loudness,-1.0039066076278687
case_009,5s2zbxZI4Ym5LTKwjZHS2V,release_month,-0.9773699045181274
case_009,5s2zbxZI4Ym5LTKwjZHS2V,energy,-0.7398362159729004
case_009,5s2zbxZI4Ym5LTKwjZHS2V,decade,0.5256999731063843
case_009,5s2zbxZI4Ym5LTKwjZHS2V,duration_log,-0.5131551027297974
case_009,5s2zbxZI4Ym5LTKwjZHS2V,danceability,-0.4845830500125885
case_009,5s2zbxZI4Ym5LTKwjZHS2V,energy_valence,-0.42983278632164
case_009,5s2zbxZI4Ym5LTKwjZHS2V,release_month_cos,-0.41298866271972656
case_009,5s2zbxZI4Ym5LTKwjZHS2V,energy_danceability,0.35624977946281433
case_009,5s2zbxZI4Ym5LTKwjZHS2V,release_month_sin,-0.33054760098457336
case_009,5s2zbxZI4Ym5LTKwjZHS2V,year_in_decade,-0.25206300616264343
case_009,5s2zbxZI4Ym5LTKwjZHS2V,mode,-0.25059347320348024
case_009,5s2zbxZI4Ym5LTKwjZHS2V,key,-0.30166984943207353
case_009,5s2zbxZI4Ym5LTKwjZHS2V,liveness,-0.1291668862104416
case_009,5s2zbxZI4Ym5LTKwjZHS2V,speechiness_explicit,-0.10097184777259827
case_009,5s2zbxZI4Ym5LTKwjZHS2V,release_precision,0.10726988315582275
case_009,5s2zbxZI4Ym5LTKwjZHS2V,tempo_danceability,-0.05803726240992546
case_009,5s2zbxZI4Ym5LTKwjZHS2V,danceability_valence,-0.04944916442036629
case_009,5s2zbxZI4Ym5LTKwjZHS2V,time_signature,-0.017551327022374608
case_009,5s2zbxZI4Ym5LTKwjZHS2V,speechiness,-0.03343072533607483
case_009,5s2zbxZI4Ym5LTKwjZHS2V,acousticness_instrumentalness,-0.020393142476677895
case_009,5s2zbxZI4Ym5LTKwjZHS2V,duration_squared,-0.012935267761349678
case_009,5s2zbxZI4Ym5LTKwjZHS2V,explicit,-0.012641803333508506
case_009,5s2zbxZI4Ym5LTKwjZHS2V,energy_liveness,0.00926787406206131
case_009,5s2zbxZI4Ym5LTKwjZHS2V,valence,0.0028659312520176172
case_010,45S5WTQEGOB1VHr1Q4FuPl,release_year,9.20218563079834
case_010,45S5WTQEGOB1VHr1Q4FuPl,release_month,-3.3081414699554443
case_010,45S5WTQEGOB1VHr1Q4FuPl,tempo,-0.9244406223297119
case_010,45S5WTQEGOB1VHr1Q4FuPl,acousticness,0.727718710899353
case_010,45S5WTQEGOB1VHr1Q4FuPl,decade,0.7034811973571777
case_010,45S5WTQEGOB1VHr1Q4FuPl,release_month_cos,-0.6509966850280762
case_010,45S5WTQEGOB1VHr1Q4FuPl,year_in_decade,-0.44663888216018677
case_010,45S5WTQEGOB1VHr1Q4FuPl,mode,-0.425194738432765
case_010,45S5WTQEGOB1VHr1Q4FuPl,danceability,-0.38920485973358154
case_010,45S5WTQEGOB1VHr1Q4FuPl,energy,0.2789922058582306
case_010,45S5WTQEGOB1VHr1Q4FuPl,speechiness_explicit,-0.27157214283943176
case_010,45S5WTQEGOB1VHr1Q4FuPl,energy_valence,0.2534034550189972
case_010,45S5WTQEGOB1VHr1Q4FuPl,release_month_sin,-0.24219979345798492
case_010,45S5WTQEGOB1VHr1Q4FuPl,loudness,-0.20151245594024658
case_010,45S5WTQEGOB1VHr1Q4FuPl,energy_danceability,0.19309048354625702
case_010,45S5WTQEGOB1VHr1Q4FuPl,liveness,0.1815924346446991
case_010,45S5WTQEGOB1VHr1Q4FuPl,danceability_valence,-0.12880030274391174
case_010,45S5WTQEGOB1VHr1Q4FuPl,loudness_energy,0.11219943314790726
case_010,45S5WTQEGOB1VHr1Q4FuPl,instrumentalness,-0.10287600010633469
case_010,45S5WTQEGOB1VHr1Q4FuPl,key,-0.025651287054643035
case_010,45S5WTQEGOB1VHr1Q4FuPl,speechiness,0.047197118401527405
case_010,45S5WTQEGOB1VHr1Q4FuPl,duration_min,-0.04666062071919441
case_010,45S5WTQEGOB1VHr1Q4FuPl,acousticness_instrumentalness,-0.035041358321905136
case_010,45S5WTQEGOB1VHr1Q4FuPl,valence,0.03424880653619766
case_010,45S5WTQEGOB1VHr1Q4FuPl,release_precision,0.044129902962595224
case_010,45S5WTQEGOB1VHr1Q4FuPl,tempo_danceability,-0.028836337849497795
case_010,45S5WTQEGOB1VHr1Q4FuPl,explicit,-0.027508973065778264
case_010,45S5WTQEGOB1VHr1Q4FuPl,time_signature,0.02921698271893547
case_010,45S5WTQEGOB1VHr1Q4FuPl,energy_liveness,-0.014132371172308922
case_010,45S5WTQEGOB1VHr1Q4FuPl,duration_log,-0.012525142170488834
case_010,45S5WTQEGOB1VHr1Q4FuPl,duration_squared,-0.0005960177513770759
case_011,6tDDoYIxWvMLTdKpjFkc1B,release_year,10.903810501098633
case_011,6tDDoYIxWvMLTdKpjFkc1B,acousticness,1.0560284852981567
case_011,6tDDoYIxWvMLTdKpjFkc1B,decade,0.8397658467292786
case_011,6tDDoYIxWvMLTdKpjFkc1B,tempo,0.8345757722854614
case_011,6tDDoYIxWvMLTdKpjFkc1B,year_in_decade,0.6671687960624695
case_011,6tDDoYIxWvMLTdKpjFkc1B,mode,-0.514444425702095
case_011,6tDDoYIxWvMLTdKpjFkc1B,release_month,-0.347107857465744
case_011,6tDDoYIxWvMLTdKpjFkc1B,energy_danceability,0.3131457269191742
case_011,6tDDoYIxWvMLTdKpjFkc1B,danceability,0.3058605492115021
case_011,6tDDoYIxWvMLTdKpjFkc1B,liveness,-0.2364296019077301
case_011,6tDDoYIxWvMLTdKpjFkc1B,duration_min,-0.2133893519639969
case_011,6tDDoYIxWvMLTdKpjFkc1B,release_month_sin,-0.20658810436725616
case_011,6tDDoYIxWvMLTdKpjFkc1B,key,0.2564006610773504
case_011,6tDDoYIxWvMLTdKpjFkc1B,release_month_cos,-0.13971443474292755
case_011,6tDDoYIxWvMLTdKpjFkc1B,speechiness,0.13680565357208252
case_011,6tDDoYIxWvMLTdKpjFkc1B,speechiness_explicit,-0.10809604078531265
case_011,6tDDoYIxWvMLTdKpjFkc1B,energy_valence,0.09641183912754059
case_011,6tDDoYIxWvMLTdKpjFkc1B,valence,0.08639081567525864
case_011,6tDDoYIxWvMLTdKpjFkc1B,energy_liveness,-0.08335471153259277
case_011,6tDDoYIxWvMLTdKpjFkc1B,loudness_energy,0.0784764289855957
case_011,6tDDoYIxWvMLTdKpjFkc1B,tempo_danceability,0.06018110737204552
case_011,6tDDoYIxWvMLTdKpjFkc1B,release_precision,0.06440197303891182
case_011,6tDDoYIxWvMLTdKpjFkc1B,loudness,-0.036403149366378784
case_011,6tDDoYIxWvMLTdKpjFkc1B,acousticness_instrumentalness,0.0326770544052124
case_011,6tDDoYIxWvMLTdKpjFkc1B,danceability_valence,0.028585687279701233
case_011,6tDDoYIxWvMLTdKpjFkc1B,time_signature,-0.00587280276522506
case_011,6tDDoYIxWvMLTdKpjFkc1B,energy,-0.018569301813840866
case_011,6tDDoYIxWvMLTdKpjFkc1B,instrumentalness,0.01783793792128563
case_011,6tDDoYIxWvMLTdKpjFkc1B,duration_log,-0.017540546134114265
case_011,6tDDoYIxWvMLTdKpjFkc1B,explicit,-0.012966029318022265
case_011,6tDDoYIxWvMLTdKpjFkc1B,duration_squared,-0.006623403634876013
case_017,46doqU89HXCjtvNJnC7P5v,release_year,13.82221794128418
case_017,46doqU89HXCjtvNJnC7P5v,speechiness_explicit,4.500270843505859
case_017,46doqU89HXCjtvNJnC7P5v,acousticness,3.0196573734283447
case_017,46doqU89HXCjtvNJnC7P5v,loudness,2.3814430236816406
case_017,46doqU89HXCjtvNJnC7P5v,key,1.7667112410999835
case_017,46doqU89HXCjtvNJnC7P5v,loudness_energy,1.1596415042877197
case_017,46doqU89HXCjtvNJnC7P5v,decade,1.036392092704773
case_017,46doqU89HXCjtvNJnC7P5v,energy,0.8039105534553528
case_017,46doqU89HXCjtvNJnC7P5v,duration_min,0.7414352893829346
case_017,46doqU89HXCjtvNJnC7P5v,tempo,-0.62641441822052
case_017,46doqU89HXCjtvNJnC7P5v,energy_danceability,0.4431523382663727
case_017,46doqU89HXCjtvNJnC7P5v,valence,0.44192004203796387
case_017,46doqU89HXCjtvNJnC7P5v,explicit,0.422119508497417
case_017,46doqU89HXCjtvNJnC7P5v,release_precision,0.406884653493762
case_017,46doqU89HXCjtvNJnC7P5v,mode,-0.33442658744752407
case_017,46doqU89HXCjtvNJnC7P5v,liveness,0.3082607388496399
case_017,46doqU89HXCjtvNJnC7P5v,danceability,-0.2988857626914978
case_017,46doqU89HXCjtvNJnC7P5v,energy_valence,0.23536190390586853
case_017,46doqU89HXCjtvNJnC7P5v,release_month_sin,-0.1697893589735031
case_017,46doqU89HXCjtvNJnC7P5v,release_month_cos,-0.1519434005022049
case_017,46doqU89HXCjtvNJnC7P5v,instrumentalness,0.1503494679927826
case_017,46doqU89HXCjtvNJnC7P5v,speechiness,-0.11742385476827621
case_017,46doqU89HXCjtvNJnC7P5v,duration_log,0.11338575929403305
case_017,46doqU89HXCjtvNJnC7P5v,acousticness_instrumentalness,0.11112796515226364
case_017,46doqU89HXCjtvNJnC7P5v,release_month,-0.08956358581781387
case_017,46doqU89HXCjtvNJnC7P5v,danceability_valence,0.08652910590171814
case_017,46doqU89HXCjtvNJnC7P5v,year_in_decade,0.05447715148329735
case_017,46doqU89HXCjtvNJnC7P5v,time_signature,-0.031128552418522304
case_017,46doqU89HXCjtvNJnC7P5v,energy_liveness,-0.012103608809411526
case_017,46doqU89HXCjtvNJnC7P5v,tempo_danceability,0.0017276990693062544
case_017,46doqU89HXCjtvNJnC7P5v,duration_squared,0.00013494634185917675
case_018,1QCpd9PQP7msvshreAaRyg,release_year,12.829681396484375
case_018,1QCpd9PQP7msvshreAaRyg,speechiness_explicit,6.188307285308838
case_018,1QCpd9PQP7msvshreAaRyg,acousticness,2.838857412338257
case_018,1QCpd9PQP7msvshreAaRyg,loudness,2.353053092956543
case_018,1QCpd9PQP7msvshreAaRyg,loudness_energy,1.1021552085876465
case_018,1QCpd9PQP7msvshreAaRyg,decade,0.9399710297584534
case_018,1QCpd9PQP7msvshreAaRyg,duration_min,0.8679456114768982
case_018,1QCpd9PQP7msvshreAaRyg,release_month,0.7256019711494446
case_018,1QCpd9PQP7msvshreAaRyg,release_month_sin,0.49316728115081787
case_018,1QCpd9PQP7msvshreAaRyg,energy,0.48838916420936584
case_018,1QCpd9PQP7msvshreAaRyg,explicit,0.47894109471235424
case_018,1QCpd9PQP7msvshreAaRyg,year_in_decade,-0.468974232673645
case_018,1QCpd9PQP7msvshreAaRyg,tempo,-0.42460355162620544
case_018,1QCpd9PQP7msvshreAaRyg,release_precision,0.41442225500941277
case_018,1QCpd9PQP7msvshreAaRyg,mode,-0.3213104996830225
case_018,1QCpd9PQP7msvshreAaRyg,instrumentalness,0.26542434096336365
case_018,1QCpd9PQP7msvshreAaRyg,speechiness,-0.25320708751678467
case_018,1QCpd9PQP7msvshreAaRyg,energy_valence,0.17642535269260406
case_018,1QCpd9PQP7msvshreAaRyg,energy_danceability,0.1598585695028305
case_018,1QCpd9PQP7msvshreAaRyg,danceability_valence,-0.15031541883945465
case_018,1QCpd9PQP7msvshreAaRyg,acousticness_instrumentalness,0.14579199254512787
case_018,1QCpd9PQP7msvshreAaRyg,key,-0.16845678072422743
case_018,1QCpd9PQP7msvshreAaRyg,valence,0.12843433022499084
case_018,1QCpd9PQP7msvshreAaRyg,duration_log,0.07924670726060867
case_018,1QCpd9PQP7msvshreAaRyg,liveness,-0.059154197573661804
case_018,1QCpd9PQP7msvshreAaRyg,tempo_danceability,0.05634177476167679
case_018,1QCpd9PQP7msvshreAaRyg,release_month_cos,0.04929725453257561
case_018,1QCpd9PQP7msvshreAaRyg,energy_liveness,0.018917212262749672
case_018,1QCpd9PQP7msvshreAaRyg,time_signature,0.02845190717744117
case_018,1QCpd9PQP7msvshreAaRyg,danceability,-0.0060241445899009705
case_018,1QCpd9PQP7msvshreAaRyg,duration_squared,0.00015232933219522238
case_019,3zXZ606TUZE8WBbGppX82E,release_year,14.298755645751953
case_019,3zXZ606TUZE8WBbGppX82E,speechiness_explicit,5.444655418395996
case_019,3zXZ606TUZE8WBbGppX82E,loudness,2.499119997024536
case_019,3zXZ606TUZE8WBbGppX82E,acousticness,1.3348312377929688
case_019,3zXZ606TUZE8WBbGppX82E,key,1.1841112383408472
case_019,3zXZ606TUZE8WBbGppX82E,decade,1.0189380645751953
case_019,3zXZ606TUZE8WBbGppX82E,loudness_energy,0.7947008609771729
case_019,3zXZ606TUZE8WBbGppX82E,duration_min,0.6814451217651367
case_019,3zXZ606TUZE8WBbGppX82E,valence,0.5393016934394836
case_019,3zXZ606TUZE8WBbGppX82E,explicit,0.41487241815775633
case_019,3zXZ606TUZE8WBbGppX82E,tempo,-0.40324410796165466
case_019,3zXZ606TUZE8WBbGppX82E,danceability,-0.38907167315483093
case_019,3zXZ606TUZE8WBbGppX82E,speechiness,-0.3843343257904053
case_019,3zXZ606TUZE8WBbGppX82E,energy_danceability,0.3382728099822998
case_019,3zXZ606TUZE8WBbGppX82E,release_precision,0.4011493902653456
case_019,3zXZ606TUZE8WBbGppX82E,energy_valence,0.30230584740638733
case_019,3zXZ606TUZE8WBbGppX82E,release_month,-0.27855655550956726
case_019,3zXZ606TUZE8WBbGppX82E,energy,0.23771390318870544
case_019,3zXZ606TUZE8WBbGppX82E,liveness,-0.18111422657966614
case_019,3zXZ606TUZE8WBbGppX82E,mode,0.17743668146431446
case_019,3zXZ606TUZE8WBbGppX82E,release_month_sin,-0.14985938370227814
case_019,3zXZ606TUZE8WBbGppX82E,year_in_decade,0.14038659632205963
case_019,3zXZ606TUZE8WBbGppX82E,duration_log,0.09051042795181274
case_019,3zXZ606TUZE8WBbGppX82E,tempo_danceability,-0.07278084009885788
case_019,3zXZ606TUZE8WBbGppX82E,energy_liveness,-0.06481274217367172
case_019,3zXZ606TUZE8WBbGppX82E,release_month_cos,-0.061344508081674576
case_019,3zXZ606TUZE8WBbGppX82E,acousticness_instrumentalness,0.02457832172513008
case_019,3zXZ606TUZE8WBbGppX82E,instrumentalness,0.023694034665822983
case_019,3zXZ606TUZE8WBbGppX82E,danceability_valence,0.010258547961711884
case_019,3zXZ606TUZE8WBbGppX82E,time_signature,0.0027972612115263473
case_019,3zXZ606TUZE8WBbGppX82E,duration_squared,0.0023442795500159264
case_020,68NZfXQQVNa59N422unllk,release_year,13.809808731079102
case_020,68NZfXQQVNa59N422unllk,speechiness_explicit,5.365510940551758
case_020,68NZfXQQVNa59N422unllk,loudness,1.9065834283828735
case_020,68NZfXQQVNa59N422unllk,acousticness,1.4353032112121582
case_020,68NZfXQQVNa59N422unllk,decade,0.9917659759521484
case_020,68NZfXQQVNa59N422unllk,duration_min,-0.9814506769180298
case_020,68NZfXQQVNa59N422unllk,release_month_sin,0.9668853282928467
case_020,68NZfXQQVNa59N422unllk,loudness_energy,0.8211482763290405
case_020,68NZfXQQVNa59N422unllk,release_month_cos,0.5511999130249023
case_020,68NZfXQQVNa59N422unllk,explicit,0.49332920741289854
case_020,68NZfXQQVNa59N422unllk,tempo,0.46086230874061584
case_020,68NZfXQQVNa59N422unllk,release_precision,0.4568941881880164
case_020,68NZfXQQVNa59N422unllk,energy,0.31424787640571594
case_020,68NZfXQQVNa59N422unllk,key,0.2939576453063637
case_020,68NZfXQQVNa59N422unllk,danceability,0.21849673986434937
case_020,68NZfXQQVNa59N422unllk,mode,-0.21857940591871738
case_020,68NZfXQQVNa59N422unllk,year_in_decade,0.15704350173473358
case_020,68NZfXQQVNa59N422unllk,release_month,0.15608221292495728
case_020,68NZfXQQVNa59N422unllk,liveness,0.10983619838953018
case_020,68NZfXQQVNa59N422unllk,instrumentalness,-0.10555852949619293
case_020,68NZfXQQVNa59N422unllk,energy_danceability,0.0888192281126976
case_020,68NZfXQQVNa59N422unllk,speechiness,-0.07628881186246872
case_020,68NZfXQQVNa59N422unllk,tempo_danceability,-0.07080233097076416
case_020,68NZfXQQVNa59N422unllk,energy_valence,0.06732945144176483
case_020,68NZfXQQVNa59N422unllk,time_signature,0.07374845651793294
case_020,68NZfXQQVNa59N422unllk,duration_log,-0.03817884251475334
case_020,68NZfXQQVNa59N422unllk,acousticness_instrumentalness,-0.03532705828547478
case_020,68NZfXQQVNa59N422unllk,energy_liveness,-0.013277249410748482
case_020,68NZfXQQVNa59N422unllk,valence,-0.012729799374938011
case_020,68NZfXQQVNa59N422unllk,danceability_valence,0.009952794760465622
case_020,68NZfXQQVNa59N422unllk,duration_squared,-0.002023169072344899
case_021,7HOkU7ho6zlFufUdpNEQ89,release_year,12.42241382598877
case_021,7HOkU7ho6zlFufUdpNEQ89,speechiness_explicit,5.286067008972168
case_021,7HOkU7ho6zlFufUdpNEQ89,acousticness,2.32409930229187
case_021,7HOkU7ho6zlFufUdpNEQ89,loudness,1.819076657295227
case_021,7HOkU7ho6zlFufUdpNEQ89,duration_min,1.64533269405365
case_021,7HOkU7ho6zlFufUdpNEQ89,loudness_energy,1.0068339109420776
case_021,7HOkU7ho6zlFufUdpNEQ89,decade,0.9331285357475281
case_021,7HOkU7ho6zlFufUdpNEQ89,tempo,-0.4796443283557892
case_021,7HOkU7ho6zlFufUdpNEQ89,explicit,0.4300421593943611
case_021,7HOkU7ho6zlFufUdpNEQ89,release_precision,0.4365939679555595
case_021,7HOkU7ho6zlFufUdpNEQ89,instrumentalness,0.30374643206596375
case_021,7HOkU7ho6zlFufUdpNEQ89,release_month,0.30011945962905884
case_021,7HOkU7ho6zlFufUdpNEQ89,danceability,0.2653985917568207
case_021,7HOkU7ho6zlFufUdpNEQ89,year_in_decade,-0.21608364582061768
case_021,7HOkU7ho6zlFufUdpNEQ89,energy_danceability,0.21184921264648438
case_021,7HOkU7ho6zlFufUdpNEQ89,mode,-0.27020515128970146
case_021,7HOkU7ho6zlFufUdpNEQ89,key,-0.1803517946973443
case_021,7HOkU7ho6zlFufUdpNEQ89,duration_log,0.1640312522649765
case_021,7HOkU7ho6zlFufUdpNEQ89,valence,0.1620994657278061
case_021,7HOkU7ho6zlFufUdpNEQ89,speechiness,-0.16098621487617493
case_021,7HOkU7ho6zlFufUdpNEQ89,tempo_danceability,0.1149115189909935
case_021,7HOkU7ho6zlFufUdpNEQ89,release_month_sin,-0.11114611476659775
case_021,7HOkU7ho6zlFufUdpNEQ89,liveness,0.08851355314254761
case_021,7HOkU7ho6zlFufUdpNEQ89,energy_valence,0.07281142473220825
case_021,7HOkU7ho6zlFufUdpNEQ89,release_month_cos,0.06635697931051254
case_021,7HOkU7ho6zlFufUdpNEQ89,time_signature,0.08724343715948635
case_021,7HOkU7ho6zlFufUdpNEQ89,energy,0.0567585751414299
case_021,7HOkU7ho6zlFufUdpNEQ89,acousticness_instrumentalness,0.05145275965332985
case_021,7HOkU7ho6zlFufUdpNEQ89,energy_liveness,-0.049483999609947205
case_021,7HOkU7ho6zlFufUdpNEQ89,duration_squared,0.00915452465415001
case_021,7HOkU7ho6zlFufUdpNEQ89,danceability_valence,-0.00018715084297582507
case_022,4iJyoBOLtHqaGxP12qzhQI,release_year,13.047013282775879
case_022,4iJyoBOLtHqaGxP12qzhQI,speechiness_explicit,2.9281482696533203
case_022,4iJyoBOLtHqaGxP12qzhQI,decade,1.0206425189971924
case_022,4iJyoBOLtHqaGxP12qzhQI,acousticness,0.5978885293006897
case_022,4iJyoBOLtHqaGxP12qzhQI,tempo,0.5480900406837463
case_022,4iJyoBOLtHqaGxP12qzhQI,release_month_sin,0.4256918728351593
case_022,4iJyoBOLtHqaGxP12qzhQI,explicit,0.4173458917066455
case_022,4iJyoBOLtHqaGxP12qzhQI,speechiness,-0.3975858688354492
case_022,4iJyoBOLtHqaGxP12qzhQI,energy_danceability,0.37621718645095825
case_022,4iJyoBOLtHqaGxP12qzhQI,key,-0.38923073280602694
case_022,4iJyoBOLtHqaGxP12qzhQI,release_precision,0.39215411245822906
case_022,4iJyoBOLtHqaGxP12qzhQI,release_month_cos,0.2401939034461975
case_022,4iJyoBOLtHqaGxP12qzhQI,danceability,0.21836304664611816
case_022,4iJyoBOLtHqaGxP12qzhQI,duration_min,-0.2152606099843979
case_022,4iJyoBOLtHqaGxP12qzhQI,mode,0.2119989227503538
case_022,4iJyoBOLtHqaGxP12qzhQI,loudness_energy,0.19934923946857452
case_022,4iJyoBOLtHqaGxP12qzhQI,tempo_danceability,0.1520143300294876
case_022,4iJyoBOLtHqaGxP12qzhQI,energy_valence,0.14839012920856476
case_022,4iJyoBOLtHqaGxP12qzhQI,year_in_decade,-0.1384696215391159
case_022,4iJyoBOLtHqaGxP12qzhQI,valence,0.1184915155172348
case_022,4iJyoBOLtHqaGxP12qzhQI,release_month,0.08560489863157272
case_022,4iJyoBOLtHqaGxP12qzhQI,duration_log,-0.07890663295984268
case_022,4iJyoBOLtHqaGxP12qzhQI,loudness,0.0725296139717102
case_022,4iJyoBOLtHqaGxP12qzhQI,acousticness_instrumentalness,0.06747964024543762
case_022,4iJyoBOLtHqaGxP12qzhQI,energy,0.0674261599779129
case_022,4iJyoBOLtHqaGxP12qzhQI,instrumentalness,-0.06048029661178589
case_022,4iJyoBOLtHqaGxP12qzhQI,time_signature,0.06732587686838087
case_022,4iJyoBOLtHqaGxP12qzhQI,energy_liveness,-0.013841320760548115
case_022,4iJyoBOLtHqaGxP12qzhQI,danceability_valence,-0.009072837419807911
case_022,4iJyoBOLtHqaGxP12qzhQI,liveness,-0.008575058542191982
case_022,4iJyoBOLtHqaGxP12qzhQI,duration_squared,0.0007796026766300201
case_023,7lPN2DXiMsVn7XUKtOW1CS,release_year,13.145747184753418
case_023,7lPN2DXiMsVn7XUKtOW1CS,speechiness_explicit,2.7167272567749023
case_023,7lPN2DXiMsVn7XUKtOW1CS,decade,1.0434545278549194
case_023,7lPN2DXiMsVn7XUKtOW1CS,loudness,-1.000654697418213
case_023,7lPN2DXiMsVn7XUKtOW1CS,acousticness,-0.9158602952957153
case_023,7lPN2DXiMsVn7XUKtOW1CS,loudness_energy,0.6426328420639038
case_023,7lPN2DXiMsVn7XUKtOW1CS,duration_min,0.4472731053829193
case_023,7lPN2DXiMsVn7XUKtOW1CS,valence,0.3993782699108124
case_023,7lPN2DXiMsVn7XUKtOW1CS,explicit,0.3619199290915276
case_023,7lPN2DXiMsVn7XUKtOW1CS,release_month,-0.3272198438644409
case_023,7lPN2DXiMsVn7XUKtOW1CS,energy_valence,0.30831021070480347
case_023,7lPN2DXiMsVn7XUKtOW1CS,release_precision,0.38300208281725645
case_023,7lPN2DXiMsVn7XUKtOW1CS,year_in_decade,0.28812822699546814
case_023,7lPN2DXiMsVn7XUKtOW1CS,mode,0.267420313321054
case_023,7lPN2DXiMsVn7XUKtOW1CS,tempo,-0.2525347173213959
case_023,7lPN2DXiMsVn7XUKtOW1CS,speechiness,-0.21087151765823364
case_023,7lPN2DXiMsVn7XUKtOW1CS,liveness,0.17949889600276947
case_023,7lPN2DXiMsVn7XUKtOW1CS,key,0.14342274609953165
case_023,7lPN2DXiMsVn7XUKtOW1CS,release_month_sin,-0.11759892106056213
case_023,7lPN2DXiMsVn7XUKtOW1CS,danceability,-0.08558088541030884
case_023,7lPN2DXiMsVn7XUKtOW1CS,tempo_danceability,0.0704123005270958
case_023,7lPN2DXiMsVn7XUKtOW1CS,energy,-0.06987246125936508
case_023,7lPN2DXiMsVn7XUKtOW1CS,danceability_valence,0.06607509404420853
case_023,7lPN2DXiMsVn7XUKtOW1CS,energy_liveness,-0.058888327330350876
case_023,7lPN2DXiMsVn7XUKtOW1CS,acousticness_instrumentalness,0.03138189762830734
case_023,7lPN2DXiMsVn7XUKtOW1CS,release_month_cos,-0.028709974139928818
case_023,7lPN2DXiMsVn7XUKtOW1CS,time_signature,0.009529003525130975
case_023,7lPN2DXiMsVn7XUKtOW1CS,instrumentalness,-0.020404640585184097
case_023,7lPN2DXiMsVn7XUKtOW1CS,duration_log,0.006071055773645639
case_023,7lPN2DXiMsVn7XUKtOW1CS,duration_squared,0.003458508988842368
case_023,7lPN2DXiMsVn7XUKtOW1CS,energy_danceability,0.001564808189868927
case_025,00Kih9a1Wff2K1aILudPXF,release_year,8.653422355651855
case_025,00Kih9a1Wff2K1aILudPXF,acousticness,1.0735348463058472
case_025,00Kih9a1Wff2K1aILudPXF,duration_min,0.9945579767227173
case_025,00Kih9a1Wff2K1aILudPXF,loudness,-0.7908168435096741
case_025,00Kih9a1Wff2K1aILudPXF,loudness_energy,-0.6297110915184021
case_025,00Kih9a1Wff2K1aILudPXF,decade,0.5748292803764343
case_025,00Kih9a1Wff2K1aILudPXF,release_month_sin,0.4721008539199829
case_025,00Kih9a1Wff2K1aILudPXF,tempo,0.4254741668701172
case_025,00Kih9a1Wff2K1aILudPXF,release_month,0.3956202566623688
case_025,00Kih9a1Wff2K1aILudPXF,key,0.38186361180851236
case_025,00Kih9a1Wff2K1aILudPXF,energy_danceability,0.3170875310897827
case_025,00Kih9a1Wff2K1aILudPXF,danceability,0.3156962990760803
case_025,00Kih9a1Wff2K1aILudPXF,instrumentalness,0.31058159470558167
case_025,00Kih9a1Wff2K1aILudPXF,speechiness,0.31044307351112366
case_025,00Kih9a1Wff2K1aILudPXF,liveness,0.21779775619506836
case_025,00Kih9a1Wff2K1aILudPXF,year_in_decade,-0.1930474042892456
case_025,00Kih9a1Wff2K1aILudPXF,duration_log,0.13358569145202637
case_025,00Kih9a1Wff2K1aILudPXF,speechiness_explicit,-0.10034245997667313
case_025,00Kih9a1Wff2K1aILudPXF,mode,0.08134760521352291
case_025,00Kih9a1Wff2K1aILudPXF,time_signature,0.1265772649931023
case_025,00Kih9a1Wff2K1aILudPXF,energy,-0.09006225317716599
case_025,00Kih9a1Wff2K1aILudPXF,acousticness_instrumentalness,0.055467139929533005
case_025,00Kih9a1Wff2K1aILudPXF,release_precision,0.09237966500222683
case_025,00Kih9a1Wff2K1aILudPXF,tempo_danceability,-0.04944617673754692
case_025,00Kih9a1Wff2K1aILudPXF,energy_liveness,-0.030394718050956726
case_025,00Kih9a1Wff2K1aILudPXF,valence,-0.02729228511452675
case_025,00Kih9a1Wff2K1aILudPXF,release_month_cos,0.02561306767165661
case_025,00Kih9a1Wff2K1aILudPXF,danceability_valence,-0.016140075400471687
case_025,00Kih9a1Wff2K1aILudPXF,explicit,-0.007633925387608542
case_025,00Kih9a1Wff2K1aILudPXF,duration_squared,0.0028986618854105473
case_025,00Kih9a1Wff2K1aILudPXF,energy_valence,-0.00021700840443372726
case_026,00MGf5IXCqJrlnNEz0O86w,release_year,13.912353515625
case_026,00MGf5IXCqJrlnNEz0O86w,speechiness_explicit,3.7559468746185303
case_026,00MGf5IXCqJrlnNEz0O86w,loudness,1.2912782430648804
case_026,00MGf5IXCqJrlnNEz0O86w,decade,0.9665811061859131
case_026,00MGf5IXCqJrlnNEz0O86w,duration_min,-0.6602185964584351
case_026,00MGf5IXCqJrlnNEz0O86w,acousticness,0.5631628036499023
case_026,00MGf5IXCqJrlnNEz0O86w,tempo,-0.5225285291671753
case_026,00MGf5IXCqJrlnNEz0O86w,explicit,0.4127411646768451
case_026,00MGf5IXCqJrlnNEz0O86w,release_precision,0.49139939108863473
case_026,00MGf5IXCqJrlnNEz0O86w,release_month,-0.3523640036582947
case_026,00MGf5IXCqJrlnNEz0O86w,speechiness,-0.27563321590423584
case_026,00MGf5IXCqJrlnNEz0O86w,energy_danceability,0.23254866898059845
case_026,00MGf5IXCqJrlnNEz0O86w,mode,0.2430544663220644
case_026,00MGf5IXCqJrlnNEz0O86w,danceability,-0.19617348909378052
case_026,00MGf5IXCqJrlnNEz0O86w,release_month_sin,-0.18365636467933655
case_026,00MGf5IXCqJrlnNEz0O86w,liveness,-0.15941637754440308
case_026,00MGf5IXCqJrlnNEz0O86w,key,-0.25035602803109214
case_026,00MGf5IXCqJrlnNEz0O86w,energy,0.1407036930322647
case_026,00MGf5IXCqJrlnNEz0O86w,energy_valence,0.11622218787670135
case_026,00MGf5IXCqJrlnNEz0O86w,acousticness_instrumentalness,0.11467774212360382
case_026,00MGf5IXCqJrlnNEz0O86w,tempo_danceability,0.10763297975063324
case_026,00MGf5IXCqJrlnNEz0O86w,loudness_energy,0.09530124068260193
case_026,00MGf5IXCqJrlnNEz0O86w,duration_log,-0.09028049558401108
case_026,00MGf5IXCqJrlnNEz0O86w,energy_liveness,0.08604100346565247
case_026,00MGf5IXCqJrlnNEz0O86w,valence,0.08057557046413422
case_026,00MGf5IXCqJrlnNEz0O86w,danceability_valence,-0.07233361154794693
case_026,00MGf5IXCqJrlnNEz0O86w,instrumentalness,0.06772960722446442
case_026,00MGf5IXCqJrlnNEz0O86w,year_in_decade,0.0551997646689415
case_026,00MGf5IXCqJrlnNEz0O86w,release_month_cos,0.03504977375268936
case_026,00MGf5IXCqJrlnNEz0O86w,time_signature,-0.001187019935969147
case_026,00MGf5IXCqJrlnNEz0O86w,duration_squared,-0.0036382293328642845
case_027,00OQsMilg3NJQ365MDUnFJ,release_year,7.880022048950195
case_027,00OQsMilg3NJQ365MDUnFJ,liveness,-5.104875087738037
case_027,00OQsMilg3NJQ365MDUnFJ,acousticness_instrumentalness,-1.783517599105835
case_027,00OQsMilg3NJQ365MDUnFJ,acousticness,-1.6300489902496338
case_027,00OQsMilg3NJQ365MDUnFJ,speechiness,-1.1811907291412354
case_027,00OQsMilg3NJQ365MDUnFJ,loudness,-1.065487027168274
case_027,00OQsMilg3NJQ365MDUnFJ,loudness_energy,1.0391777753829956
case_027,00OQsMilg3NJQ365MDUnFJ,instrumentalness,-0.9091126322746277
case_027,00OQsMilg3NJQ365MDUnFJ,decade,0.6750419735908508
case_027,00OQsMilg3NJQ365MDUnFJ,energy_valence,0.445428729057312
case_027,00OQsMilg3NJQ365MDUnFJ,tempo,-0.34415537118911743
case_027,00OQsMilg3NJQ365MDUnFJ,release_month,-0.3309538662433624
case_027,00OQsMilg3NJQ365MDUnFJ,danceability,-0.3092186748981476
case_027,00OQsMilg3NJQ365MDUnFJ,energy_liveness,-0.2623572051525116
case_027,00OQsMilg3NJQ365MDUnFJ,energy_danceability,-0.18616722524166107
case_027,00OQsMilg3NJQ365MDUnFJ,tempo_danceability,-0.15364646911621094
case_027,00OQsMilg3NJQ365MDUnFJ,speechiness_explicit,-0.12275835126638412
case_027,00OQsMilg3NJQ365MDUnFJ,time_signature,-0.1765145317592669
case_027,00OQsMilg3NJQ365MDUnFJ,danceability_valence,-0.11743983626365662
case_027,00OQsMilg3NJQ365MDUnFJ,release_month_sin,-0.11575719714164734
case_027,00OQsMilg3NJQ365MDUnFJ,mode,0.12374942004680634
case_027,00OQsMilg3NJQ365MDUnFJ,key,-0.015820747255929746
case_027,00OQsMilg3NJQ365MDUnFJ,duration_min,-0.05657454580068588
case_027,00OQsMilg3NJQ365MDUnFJ,release_precision,0.0456700895447284
case_027,00OQsMilg3NJQ365MDUnFJ,duration_squared,-0.044561926275491714
case_027,00OQsMilg3NJQ365MDUnFJ,energy,-0.04014738276600838
case_027,00OQsMilg3NJQ365MDUnFJ,release_month_cos,-0.03943181782960892
case_027,00OQsMilg3NJQ365MDUnFJ,year_in_decade,0.03477746248245239
case_027,00OQsMilg3NJQ365MDUnFJ,explicit,-0.018428918170570796
case_027,00OQsMilg3NJQ365MDUnFJ,valence,-0.01712822914123535
case_027,00OQsMilg3NJQ365MDUnFJ,duration_log,0.005553824827075005
